<annotation>
	<folder>Doors</folder>
	<filename>Doors.2o1b81f0-a35f-11eb-a3b4-8056f22bd00a.jpg</filename>
	<path>D:\Youtube\Tensorflow Object Detection\TFODCourse\Tensorflow\workspace\images\collectedimages\Doors\Doors.2o1b81f0-a35f-11eb-a3b4-8056f22bd00a.jpg</path>
	<source>
		<database>Unknown</database>
	</source>
	<size>
		<width>1280</width>
		<height>720</height>
		<depth>3</depth>
	</size>
	<segmented>0</segmented>
	<object>
		<name>Doors</name>
		<pose>Unspecified</pose>
		<truncated>0</truncated>
		<difficult>0</difficult>
		<bndbox>
			<xmin>126</xmin>
			<ymin>4</ymin>
			<xmax>1176</xmax>
			<ymax>473</ymax>
		</bndbox>
	</object>
</annotation>
