<annotation>
	<folder>Cables</folder>
	<filename>Cables.9a7578b6-a35e-11eb-bfcb-8056f22bd00c.jpg</filename>
	<path>D:\Youtube\Tensorflow Object Detection\TFODCourse\Tensorflow\workspace\images\collectedimages\Cables\Cables.9a7578b6-a35e-11eb-bfcb-8056f22bd00c.jpg</path>
	<source>
		<database>Unknown</database>
	</source>
	<size>
		<width>1280</width>
		<height>720</height>
		<depth>3</depth>
	</size>
	<segmented>0</segmented>
	<object>
		<name>Cables</name>
		<pose>Unspecified</pose>
		<truncated>0</truncated>
		<difficult>0</difficult>
		<bndbox>
			<xmin>8</xmin>
			<ymin>468</ymin>
			<xmax>702</xmax>
			<ymax>571</ymax>
		</bndbox>
	</object>
</annotation>
