<annotation>
	<folder>Furniture</folder>
	<filename>Furniture.d12d9f6f-a35e-11eb-a82a-8056f22bd00k.jpg</filename>
	<path>D:\Youtube\Tensorflow Object Detection\TFODCourse\Tensorflow\workspace\images\collectedimages\Furniture\Furniture.d12d9f6f-a35e-11eb-a82a-8056f22bd00k.jpg</path>
	<source>
		<database>Unknown</database>
	</source>
	<size>
		<width>1280</width>
		<height>720</height>
		<depth>3</depth>
	</size>
	<segmented>0</segmented>
	<object>
		<name>Furniture</name>
		<pose>Unspecified</pose>
		<truncated>0</truncated>
		<difficult>0</difficult>
		<bndbox>
			<xmin>34</xmin>
			<ymin>29</ymin>
			<xmax>1115</xmax>
			<ymax>525</ymax>
		</bndbox>
	</object>
</annotation>
